{
  "reversal_time_north_yr": 3.9876963161646874,
  "reversal_time_south_yr": 5.329660045336797,
  "mean_hemispheric_reversal_time_yr": 4.6586781807507425,
  "peak_north_polar_field_G": 130.12709045410156,
  "peak_south_polar_field_G": 144.31820678710938,
  "peak_signed_polar_mean_G": 29.7442569732666,
  "peak_unsigned_polar_mean_G": 136.35716247558594,
  "time_peak_north_polar_field_yr": 0.0,
  "time_peak_south_polar_field_yr": 0.385,
  "time_peak_signed_polar_mean_yr": 4.455,
  "time_peak_unsigned_polar_mean_yr": 0.0,
  "dipole_max_abs_1e22": 1290272406658.5852,
  "dipole_time_max_abs_yr": 0.0825,
  "dipole_min_1e22": -1290272406658.5852,
  "dipole_time_min_yr": 0.0825,
  "dipole_max_1e22": 1192961614866.472,
  "dipole_time_max_yr": 5.9675,
  "hemisphere_asymmetry_mean_G": -72.33834075927734,
  "hemisphere_asymmetry_max_abs_G": 272.71435546875,
  "hemisphere_asymmetry_time_max_abs_yr": 0.0
}