{
  "analog": 21,
  "T_full": 11.0,
  "amp": 1.0,
  "T_data": 5.075975359342916,
  "t_now_phase": 0.4614523053948105,
  "lat_deg": [
    -89.1,
    -88.11,
    -87.11999999999999,
    -86.13,
    -85.14,
    -84.14999999999999,
    -83.16,
    -82.16999999999999,
    -81.17999999999999,
    -80.19,
    -79.19999999999999,
    -78.21,
    -77.22,
    -76.22999999999999,
    -75.24,
    -74.25,
    -73.25999999999999,
    -72.27,
    -71.28,
    -70.28999999999999,
    -69.3,
    -68.31,
    -67.32,
    -66.33,
    -65.34,
    -64.35,
    -63.36,
    -62.36999999999999,
    -61.379999999999995,
    -60.38999999999999,
    -59.39999999999999,
    -58.41,
    -57.419999999999995,
    -56.42999999999999,
    -55.44,
    -54.449999999999996,
    -53.459999999999994,
    -52.46999999999999,
    -51.48,
    -50.489999999999995,
    -49.49999999999999,
    -48.51,
    -47.519999999999996,
    -46.529999999999994,
    -45.53999999999999,
    -44.55,
    -43.559999999999995,
    -42.56999999999999,
    -41.58,
    -40.589999999999996,
    -39.599999999999994,
    -38.60999999999999,
    -37.62,
    -36.629999999999995,
    -35.63999999999999,
    -34.64999999999999,
    -33.66,
    -32.669999999999995,
    -31.679999999999993,
    -30.689999999999998,
    -29.699999999999996,
    -28.709999999999994,
    -27.71999999999999,
    -26.729999999999997,
    -25.739999999999995,
    -24.75,
    -23.75999999999999,
    -22.769999999999996,
    -21.78,
    -20.789999999999992,
    -19.799999999999997,
    -18.809999999999988,
    -17.819999999999993,
    -16.83,
    -15.83999999999999,
    -14.849999999999994,
    -13.86,
    -12.86999999999999,
    -11.879999999999995,
    -10.89,
    -9.899999999999991,
    -8.909999999999997,
    -7.920000000000002,
    -6.929999999999993,
    -5.939999999999998,
    -4.949999999999989,
    -3.9599999999999937,
    -2.969999999999999,
    -1.9799999999999898,
    -0.9899999999999949,
    0.0,
    0.9900000000000091,
    1.980000000000004,
    2.969999999999999,
    3.960000000000008,
    4.950000000000003,
    5.939999999999998,
    6.930000000000007,
    7.920000000000002,
    8.91000000000001,
    9.900000000000006,
    10.89,
    11.88000000000001,
    12.870000000000005,
    13.86,
    14.850000000000009,
    15.840000000000003,
    16.83,
    17.820000000000007,
    18.810000000000002,
    19.80000000000001,
    20.790000000000006,
    21.78,
    22.77000000000001,
    23.760000000000005,
    24.75,
    25.74000000000001,
    26.730000000000004,
    27.72,
    28.710000000000008,
    29.700000000000003,
    30.689999999999998,
    31.680000000000007,
    32.67,
    33.66000000000001,
    34.650000000000006,
    35.64,
    36.63000000000001,
    37.620000000000005,
    38.61,
    39.599999999999994,
    40.59,
    41.58000000000001,
    42.56999999999999,
    43.56,
    44.55000000000001,
    45.53999999999999,
    46.53,
    47.52000000000001,
    48.50999999999999,
    49.5,
    50.49000000000001,
    51.48000000000002,
    52.47,
    53.46000000000001,
    54.45000000000002,
    55.44,
    56.43000000000001,
    57.420000000000016,
    58.41,
    59.400000000000006,
    60.390000000000015,
    61.379999999999995,
    62.370000000000005,
    63.360000000000014,
    64.35,
    65.34,
    66.33000000000001,
    67.32,
    68.31,
    69.30000000000001,
    70.28999999999999,
    71.28,
    72.27000000000001,
    73.25999999999999,
    74.25,
    75.24000000000001,
    76.23000000000002,
    77.22,
    78.21000000000001,
    79.20000000000002,
    80.19,
    81.18,
    82.17000000000002,
    83.16,
    84.15,
    85.14000000000001,
    86.13,
    87.12,
    88.11000000000001,
    89.1
  ]
}